Time,Current,Speed
0.0000,0.024000,0.000000
0.0010,0.047952,0.000120
0.0020,0.071856,0.000360
0.0030,0.095712,0.000719
0.0040,0.119521,0.001197
0.0050,0.143282,0.001795
0.0060,0.166995,0.002511
0.0070,0.190661,0.003346
0.0080,0.214279,0.004299
0.0090,0.237850,0.005370
0.0100,0.261374,0.006559
0.0110,0.284850,0.007865
0.0120,0.308280,0.009288
0.0130,0.331662,0.010829
0.0140,0.354998,0.012486
0.0150,0.378287,0.014260
0.0160,0.401529,0.016150
0.0170,0.424724,0.018156
0.0180,0.447873,0.020278
0.0190,0.470975,0.022515
0.0200,0.494031,0.024867
0.0210,0.517040,0.027335
0.0220,0.540004,0.029918
0.0230,0.562921,0.032615
0.0240,0.585791,0.035426
0.0250,0.608616,0.038351
0.0260,0.631395,0.041391
0.0270,0.654128,0.044543
0.0280,0.676816,0.047810
0.0290,0.699457,0.051189
0.0300,0.722053,0.054681
0.0310,0.744604,0.058286
0.0320,0.767109,0.062003
0.0330,0.789568,0.065832
0.0340,0.811982,0.069774
0.0350,0.834351,0.073827
0.0360,0.856675,0.077991
0.0370,0.878954,0.082267
0.0380,0.901188,0.086653
0.0390,0.923377,0.091150
0.0400,0.945521,0.095758
0.0410,0.967621,0.100476
0.0420,0.989675,0.105304
0.0430,1.011685,0.110242
0.0440,1.033651,0.115290
0.0450,1.055572,0.120446
0.0460,1.077449,0.125712
0.0470,1.099281,0.131087
0.0480,1.121070,0.136570
0.0490,1.142814,0.142162
0.0500,1.164514,0.147862
0.0510,1.186170,0.153669
0.0520,1.207783,0.159585
0.0530,1.229351,0.165608
0.0540,1.250876,0.171738
0.0550,1.272357,0.177975
0.0560,1.293794,0.184319
0.0570,1.315188,0.190770
0.0580,1.336539,0.197327
0.0590,1.357846,0.203990
0.0600,1.379110,0.210758
0.0610,1.400331,0.217633
0.0620,1.421508,0.224613
0.0630,1.442643,0.231698
0.0640,1.463734,0.238888
0.0650,1.484783,0.246183
0.0660,1.505789,0.253582
0.0670,1.526752,0.261086
0.0680,1.547672,0.268693
0.0690,1.568550,0.276405
0.0700,1.589385,0.284220
0.0710,1.610178,0.292138
0.0720,1.630929,0.300160
0.0730,1.651637,0.308285
0.0740,1.672303,0.316512
0.0750,1.692926,0.324842
0.0760,1.713508,0.333274
0.0770,1.734048,0.341808
0.0780,1.754545,0.350444
0.0790,1.775001,0.359182
0.0800,1.795415,0.368021
0.0810,1.815788,0.376961
0.0820,1.836118,0.386003
0.0830,1.856408,0.395145
0.0840,1.876655,0.404387
0.0850,1.896862,0.413730
0.0860,1.917026,0.423173
0.0870,1.937150,0.432716
0.0880,1.957232,0.442358
0.0890,1.977274,0.452100
0.0900,1.997274,0.461941
0.0910,2.017233,0.471881
0.0920,2.037152,0.481920
0.0930,2.057029,0.492058
0.0940,2.076866,0.502294
0.0950,2.096662,0.512628
0.0960,2.116417,0.523060
0.0970,2.136132,0.533590
0.0980,2.155807,0.544217
0.0990,2.175441,0.554942
0.1000,2.195034,0.565763
0.1010,2.214588,0.576682
0.1020,2.234101,0.587697
0.1030,2.253574,0.598809
0.1040,2.273007,0.610017
0.1050,2.292400,0.621321
0.1060,2.311753,0.632721
0.1070,2.331066,0.644216
0.1080,2.350339,0.655807
0.1090,2.369573,0.667493
0.1100,2.388767,0.679275
0.1110,2.407922,0.691150
0.1120,2.427037,0.703121
0.1130,2.446112,0.715186
0.1140,2.465149,0.727345
0.1150,2.484146,0.739598
0.1160,2.503103,0.751945
0.1170,2.522022,0.764385
0.1180,2.540902,0.776919
0.1190,2.559742,0.789545
0.1200,2.578544,0.802265
0.1210,2.597306,0.815078
0.1220,2.616030,0.827983
0.1230,2.634715,0.840980
0.1240,2.653362,0.854070
0.1250,2.671970,0.867251
0.1260,2.690539,0.880524
0.1270,2.709070,0.893889
0.1280,2.727562,0.907345
0.1290,2.746016,0.920892
0.1300,2.764432,0.934530
0.1310,2.782810,0.948258
0.1320,2.801150,0.962078
0.1330,2.819451,0.975987
0.1340,2.837715,0.989987
0.1350,2.855940,1.004076
0.1360,2.874128,1.018256
0.1370,2.892278,1.032525
0.1380,2.910390,1.046883
0.1390,2.928464,1.061330
0.1400,2.946501,1.075866
0.1410,2.964501,1.090491
0.1420,2.982463,1.105205
0.1430,3.000387,1.120006
0.1440,3.018275,1.134896
0.1450,3.036125,1.149874
0.1460,3.053937,1.164940
0.1470,3.071713,1.180093
0.1480,3.089451,1.195334
0.1490,3.107153,1.210661
0.1500,3.124818,1.226076
0.1510,3.142445,1.241577
0.1520,3.160036,1.257165
0.1530,3.177591,1.272840
0.1540,3.195108,1.288601
0.1550,3.212589,1.304447
0.1560,3.230033,1.320380
0.1570,3.247441,1.336398
0.1580,3.264813,1.352501
0.1590,3.282148,1.368690
0.1600,3.299447,1.384964
0.1610,3.316709,1.401323
0.1620,3.333936,1.417766
0.1630,3.351126,1.434294
0.1640,3.368280,1.450906
0.1650,3.385399,1.467603
0.1660,3.402481,1.484383
0.1670,3.419528,1.501247
0.1680,3.436539,1.518194
0.1690,3.453514,1.535225
0.1700,3.470453,1.552339
0.1710,3.487357,1.569536
0.1720,3.504225,1.586816
0.1730,3.521058,1.604179
0.1740,3.537856,1.621624
0.1750,3.554618,1.639151
0.1760,3.571345,1.656760
0.1770,3.588036,1.674451
0.1780,3.604693,1.692224
0.1790,3.621314,1.710078
0.1800,3.637901,1.728013
0.1810,3.654452,1.746030
0.1820,3.670969,1.764128
0.1830,3.687450,1.782306
0.1840,3.703897,1.800565
0.1850,3.720309,1.818905
0.1860,3.736687,1.837324
0.1870,3.753030,1.855824
0.1880,3.769338,1.874404
0.1890,3.785612,1.893063
0.1900,3.801851,1.911802
0.1910,3.818056,1.930620
0.1920,3.834227,1.949517
0.1930,3.850364,1.968493
0.1940,3.866466,1.987548
0.1950,3.882535,2.006682
0.1960,3.898569,2.025894
0.1970,3.914569,2.045184
0.1980,3.930535,2.064552
0.1990,3.946468,2.083998
0.2000,3.962367,2.103522
0.2010,3.978231,2.123124
0.2020,3.994063,2.142803
0.2030,4.009860,2.162559
0.2040,4.025624,2.182392
0.2050,4.041355,2.202302
0.2060,4.057052,2.222288
0.2070,4.072716,2.242351
0.2080,4.088346,2.262491
0.2090,4.103943,2.282706
0.2100,4.119507,2.302998
0.2110,4.135037,2.323365
0.2120,4.150535,2.343808
0.2130,4.166000,2.364326
0.2140,4.181431,2.384919
0.2150,4.196830,2.405588
0.2160,4.212196,2.426332
0.2170,4.227529,2.447150
0.2180,4.242829,2.468043
0.2190,4.258096,2.489010
0.2200,4.273331,2.510052
0.2210,4.288534,2.531168
0.2220,4.303703,2.552357
0.2230,4.318841,2.573620
0.2240,4.333946,2.594957
0.2250,4.349018,2.616367
0.2260,4.364059,2.637851
0.2270,4.379067,2.659407
0.2280,4.394043,2.681037
0.2290,4.408987,2.702739
0.2300,4.423898,2.724514
0.2310,4.438778,2.746361
0.2320,4.453626,2.768280
0.2330,4.468442,2.790271
0.2340,4.483226,2.812334
0.2350,4.497978,2.834469
0.2360,4.512699,2.856676
0.2370,4.527388,2.878954
0.2380,4.542045,2.901303
0.2390,4.556671,2.923723
0.2400,4.571265,2.946214
0.2410,4.585828,2.968775
0.2420,4.600359,2.991408
0.2430,4.614860,3.014110
0.2440,4.629328,3.036883
0.2450,4.643766,3.059726
0.2460,4.658173,3.082639
0.2470,4.672548,3.105622
0.2480,4.686892,3.128674
0.2490,4.701206,3.151795
0.2500,4.715488,3.174986
0.2510,4.729740,3.198246
0.2520,4.743960,3.221575
0.2530,4.758150,3.244973
0.2540,4.772309,3.268439
0.2550,4.786438,3.291974
0.2560,4.800536,3.315577
0.2570,4.814603,3.339248
0.2580,4.828640,3.362987
0.2590,4.842647,3.386794
0.2600,4.856623,3.410668
0.2610,4.870568,3.434610
0.2620,4.884484,3.458620
0.2630,4.898369,3.482696
0.2640,4.912224,3.506840
0.2650,4.926049,3.531050
0.2660,4.939843,3.555327
0.2670,4.953608,3.579671
0.2680,4.967343,3.604081
0.2690,4.981048,3.628557
0.2700,4.994723,3.653100
0.2710,5.008368,3.677708
0.2720,5.021984,3.702382
0.2730,5.035570,3.727122
0.2740,5.049126,3.751927
0.2750,5.062652,3.776797
0.2760,5.076149,3.801733
0.2770,5.089617,3.826734
0.2780,5.103055,3.851799
0.2790,5.116464,3.876929
0.2800,5.129843,3.902124
0.2810,5.143193,3.927383
0.2820,5.156514,3.952706
0.2830,5.169806,3.978093
0.2840,5.183068,4.003545
0.2850,5.196302,4.029059
0.2860,5.209506,4.054638
0.2870,5.222682,4.080280
0.2880,5.235828,4.105986
0.2890,5.248946,4.131754
0.2900,5.262035,4.157586
0.2910,5.275095,4.183480
0.2920,5.288127,4.209437
0.2930,5.301129,4.235457
0.2940,5.314104,4.261539
0.2950,5.327049,4.287683
0.2960,5.339966,4.313890
0.2970,5.352855,4.340158
0.2980,5.365715,4.366489
0.2990,5.378547,4.392880
0.3000,5.391351,4.419334
0.3010,5.404126,4.445849
0.3020,5.416873,4.472425
0.3030,5.429592,4.499062
0.3040,5.442283,4.525760
0.3050,5.454946,4.552519
0.3060,5.467581,4.579338
0.3070,5.480188,4.606218
0.3080,5.492767,4.633159
0.3090,5.505318,4.660159
0.3100,5.517841,4.687220
0.3110,5.530337,4.714340
0.3120,5.542805,4.741520
0.3130,5.555245,4.768760
0.3140,5.567658,4.796060
0.3150,5.580043,4.823418
0.3160,5.592400,4.850836
0.3170,5.604731,4.878313
0.3180,5.617033,4.905849
0.3190,5.629309,4.933443
0.3200,5.641557,4.961097
0.3210,5.653777,4.988808
0.3220,5.665971,5.016578
0.3230,5.678137,5.044407
0.3240,5.690277,5.072293
0.3250,5.702389,5.100237
0.3260,5.714474,5.128239
0.3270,5.726532,5.156298
0.3280,5.738564,5.184415
0.3290,5.750568,5.212590
0.3300,5.762546,5.240821
0.3310,5.774497,5.269110
0.3320,5.786421,5.297456
0.3330,5.798318,5.325858
0.3340,5.810189,5.354317
0.3350,5.822033,5.382833
0.3360,5.833851,5.411404
0.3370,5.845642,5.440033
0.3380,5.857407,5.468717
0.3390,5.869145,5.497457
0.3400,5.880857,5.526253
0.3410,5.892542,5.555105
0.3420,5.904202,5.584012
0.3430,5.915835,5.612974
0.3440,5.927442,5.641992
0.3450,5.939023,5.671065
0.3460,5.950578,5.700193
0.3470,5.962107,5.729376
0.3480,5.973610,5.758614
0.3490,5.985086,5.787906
0.3500,5.996538,5.817253
0.3510,6.007963,5.846653
0.3520,6.019362,5.876109
0.3530,6.030736,5.905618
0.3540,6.042084,5.935181
0.3550,6.053406,5.964798
0.3560,6.064703,5.994468
0.3570,6.075974,6.024192
0.3580,6.087220,6.053970
0.3590,6.098440,6.083801
0.3600,6.109634,6.113684
0.3610,6.120804,6.143621
0.3620,6.131948,6.173611
0.3630,6.143067,6.203653
0.3640,6.154160,6.233748
0.3650,6.165228,6.263896
0.3660,6.176272,6.294095
0.3670,6.187290,6.324347
0.3680,6.198283,6.354651
0.3690,6.209251,6.385007
0.3700,6.220194,6.415415
0.3710,6.231112,6.445875
0.3720,6.242005,6.476385
0.3730,6.252873,6.506948
0.3740,6.263717,6.537562
0.3750,6.274536,6.568226
0.3760,6.285330,6.598942
0.3770,6.296099,6.629709
0.3780,6.306844,6.660526
0.3790,6.317564,6.691395
0.3800,6.328260,6.722313
0.3810,6.338931,6.753282
0.3820,6.349578,6.784302
0.3830,6.360200,6.815371
0.3840,6.370798,6.846491
0.3850,6.381372,6.877660
0.3860,6.391922,6.908879
0.3870,6.402447,6.940148
0.3880,6.412948,6.971466
0.3890,6.423425,7.002834
0.3900,6.433878,7.034250
0.3910,6.444307,7.065716
0.3920,6.454712,7.097231
0.3930,6.465092,7.128795
0.3940,6.475449,7.160408
0.3950,6.485782,7.192069
0.3960,6.496092,7.223779
0.3970,6.506377,7.255537
0.3980,6.516639,7.287343
0.3990,6.526877,7.319198
0.4000,6.537091,7.351100
0.4010,6.547282,7.383050
0.4020,6.557449,7.415049
0.4030,6.567592,7.447094
0.4040,6.577713,7.479188
0.4050,6.587809,7.511328
0.4060,6.597882,7.543516
0.4070,6.607932,7.575751
0.4080,6.617959,7.608033
0.4090,6.627962,7.640362
0.4100,6.637942,7.672738
0.4110,6.647899,7.705160
0.4120,6.657833,7.737629
0.4130,6.667743,7.770145
0.4140,6.677631,7.802706
0.4150,6.687495,7.835314
0.4160,6.697337,7.867968
0.4170,6.707155,7.900668
0.4180,6.716951,7.933414
0.4190,6.726724,7.966205
0.4200,6.736474,7.999042
0.4210,6.746201,8.031925
0.4220,6.755905,8.064853
0.4230,6.765587,8.097826
0.4240,6.775246,8.130844
0.4250,6.784882,8.163907
0.4260,6.794496,8.197015
0.4270,6.804088,8.230168
0.4280,6.813656,8.263365
0.4290,6.823203,8.296607
0.4300,6.832727,8.329893
0.4310,6.842228,8.363224
0.4320,6.851707,8.396599
0.4330,6.861164,8.430018
0.4340,6.870599,8.463481
0.4350,6.880011,8.496987
0.4360,6.889402,8.530538
0.4370,6.898770,8.564132
0.4380,6.908116,8.597769
0.4390,6.917440,8.631450
0.4400,6.926742,8.665174
0.4410,6.936022,8.698941
0.4420,6.945280,8.732751
0.4430,6.954516,8.766604
0.4440,6.963730,8.800500
0.4450,6.972923,8.834439
0.4460,6.982094,8.868420
0.4470,6.991243,8.902444
0.4480,7.000370,8.936510
0.4490,7.009475,8.970618
0.4500,7.018559,9.004768
0.4510,7.027622,9.038961
0.4520,7.036663,9.073195
0.4530,7.045682,9.107471
0.4540,7.054680,9.141788
0.4550,7.063656,9.176148
0.4560,7.072611,9.210548
0.4570,7.081545,9.244990
0.4580,7.090458,9.279474
0.4590,7.099349,9.313998
0.4600,7.108219,9.348563
0.4610,7.117067,9.383169
0.4620,7.125895,9.417816
0.4630,7.134701,9.452504
0.4640,7.143487,9.487232
0.4650,7.152251,9.522001
0.4660,7.160994,9.556810
0.4670,7.169717,9.591659
0.4680,7.178418,9.626549
0.4690,7.187099,9.661478
0.4700,7.195758,9.696448
0.4710,7.204397,9.731457
0.4720,7.213015,9.766506
0.4730,7.221612,9.801594
0.4740,7.230189,9.836722
0.4750,7.238745,9.871889
0.4760,7.247280,9.907096
0.4770,7.255795,9.942341
0.4780,7.264289,9.977626
0.4790,7.272763,10.012950
0.4800,7.281216,10.048312
0.4810,7.289649,10.083714
0.4820,7.298061,10.119154
0.4830,7.306453,10.154632
0.4840,7.314825,10.190149
0.4850,7.323176,10.225704
0.4860,7.331507,10.261297
0.4870,7.339818,10.296929
0.4880,7.348109,10.332598
0.4890,7.356379,10.368305
0.4900,7.364630,10.404050
0.4910,7.372860,10.439833
0.4920,7.381070,10.475653
0.4930,7.389260,10.511511
0.4940,7.397431,10.547406
0.4950,7.405581,10.583339
0.4960,7.413712,10.619308
0.4970,7.421822,10.655315
0.4980,7.429913,10.691358
0.4990,7.437984,10.727439
0.5000,7.446036,10.763556
0.5010,7.454067,10.799710
0.5020,7.462079,10.835900
0.5030,7.470071,10.872127
0.5040,7.478044,10.908390
0.5050,7.485997,10.944690
0.5060,7.493930,10.981025
0.5070,7.501845,11.017397
0.5080,7.509739,11.053804
0.5090,7.517614,11.090247
0.5100,7.525470,11.126727
0.5110,7.533306,11.163241
0.5120,7.541123,11.199791
0.5130,7.548921,11.236377
0.5140,7.556700,11.272998
0.5150,7.564459,11.309654
0.5160,7.572199,11.346346
0.5170,7.579920,11.383072
0.5180,7.587622,11.419833
0.5190,7.595305,11.456629
0.5200,7.602968,11.493460
0.5210,7.610613,11.530326
0.5220,7.618239,11.567226
0.5230,7.625846,11.604160
0.5240,7.633434,11.641129
0.5250,7.641003,11.678132
0.5260,7.648553,11.715169
0.5270,7.656084,11.752241
0.5280,7.663597,11.789346
0.5290,7.671091,11.826485
0.5300,7.678566,11.863658
0.5310,7.686022,11.900864
0.5320,7.693460,11.938104
0.5330,7.700879,11.975378
0.5340,7.708280,12.012684
0.5350,7.715662,12.050025
0.5360,7.723026,12.087398
0.5370,7.730371,12.124804
0.5380,7.737698,12.162244
0.5390,7.745006,12.199716
0.5400,7.752296,12.237221
0.5410,7.759568,12.274759
0.5420,7.766821,12.312329
0.5430,7.774057,12.349932
0.5440,7.781274,12.387567
0.5450,7.788472,12.425235
0.5460,7.795653,12.462935
0.5470,7.802815,12.500667
0.5480,7.809959,12.538431
0.5490,7.817086,12.576227
0.5500,7.824194,12.614054
0.5510,7.831284,12.651914
0.5520,7.838356,12.689805
0.5530,7.845411,12.727728
0.5540,7.852447,12.765682
0.5550,7.859466,12.803668
0.5560,7.866466,12.841685
0.5570,7.873449,12.879733
0.5580,7.880414,12.917812
0.5590,7.887362,12.955923
0.5600,7.894291,12.994064
0.5610,7.901203,13.032236
0.5620,7.908098,13.070439
0.5630,7.914975,13.108672
0.5640,7.921834,13.146936
0.5650,7.928675,13.185231
0.5660,7.935499,13.223555
0.5670,7.942306,13.261911
0.5680,7.949095,13.300296
0.5690,7.955867,13.338711
0.5700,7.962621,13.377157
0.5710,7.969359,13.415632
0.5720,7.976078,13.454137
0.5730,7.982781,13.492672
0.5740,7.989466,13.531237
0.5750,7.996134,13.569831
0.5760,8.002785,13.608455
0.5770,8.009418,13.647108
0.5780,8.016035,13.685790
0.5790,8.022634,13.724502
0.5800,8.029216,13.763243
0.5810,8.035781,13.802013
0.5820,8.042330,13.840811
0.5830,8.048861,13.879639
0.5840,8.055375,13.918495
0.5850,8.061873,13.957380
0.5860,8.068353,13.996294
0.5870,8.074817,14.035236
0.5880,8.081264,14.074206
0.5890,8.087694,14.113205
0.5900,8.094107,14.152233
0.5910,8.100504,14.191288
0.5920,8.106883,14.230371
0.5930,8.113247,14.269483
0.5940,8.119593,14.308622
0.5950,8.125923,14.347789
0.5960,8.132237,14.386984
0.5970,8.138533,14.426206
0.5980,8.144814,14.465456
0.5990,8.151078,14.504734
0.6000,8.157325,14.544039
0.6010,8.163556,14.583371
0.6020,8.169770,14.622730
0.6030,8.175969,14.662117
0.6040,8.182150,14.701531
0.6050,8.188316,14.740971
0.6060,8.194465,14.780439
0.6070,8.200598,14.819933
0.6080,8.206715,14.859454
0.6090,8.212816,14.899002
0.6100,8.218900,14.938576
0.6110,8.224969,14.978176
0.6120,8.231021,15.017804
0.6130,8.237057,15.057457
0.6140,8.243077,15.097136
0.6150,8.249081,15.136842
0.6160,8.255069,15.176574
0.6170,8.261042,15.216331
0.6180,8.266998,15.256115
0.6190,8.272938,15.295924
0.6200,8.278863,15.335760
0.6210,8.284771,15.375620
0.6220,8.290664,15.415507
0.6230,8.296541,15.455418
0.6240,8.302403,15.495355
0.6250,8.308249,15.535318
0.6260,8.314078,15.575306
0.6270,8.319893,15.615319
0.6280,8.325691,15.655356
0.6290,8.331475,15.695419
0.6300,8.337242,15.735507
0.6310,8.342994,15.775620
0.6320,8.348730,15.815757
0.6330,8.354451,15.855919
0.6340,8.360157,15.896106
0.6350,8.365847,15.936317
0.6360,8.371522,15.976553
0.6370,8.377181,16.016813
0.6380,8.382825,16.057097
0.6390,8.388454,16.097405
0.6400,8.394067,16.137738
0.6410,8.399665,16.178094
0.6420,8.405248,16.218475
0.6430,8.410816,16.258879
0.6440,8.416368,16.299308
0.6450,8.421905,16.339759
0.6460,8.427428,16.380235
0.6470,8.432935,16.420734
0.6480,8.438427,16.461257
0.6490,8.443904,16.501803
0.6500,8.449366,16.542372
0.6510,8.454813,16.582965
0.6520,8.460245,16.623580
0.6530,8.465662,16.664219
0.6540,8.471064,16.704881
0.6550,8.476452,16.745566
0.6560,8.481824,16.786274
0.6570,8.487182,16.827004
0.6580,8.492525,16.867757
0.6590,8.497853,16.908533
0.6600,8.503167,16.949332
0.6610,8.508465,16.990153
0.6620,8.513749,17.030996
0.6630,8.519019,17.071862
0.6640,8.524273,17.112749
0.6650,8.529514,17.153660
0.6660,8.534739,17.194592
0.6670,8.539950,17.235546
0.6680,8.545147,17.276522
0.6690,8.550329,17.317520
0.6700,8.555497,17.358540
0.6710,8.560650,17.399582
0.6720,8.565788,17.440645
0.6730,8.570913,17.481730
0.6740,8.576023,17.522836
0.6750,8.581118,17.563964
0.6760,8.586200,17.605113
0.6770,8.591267,17.646284
0.6780,8.596320,17.687476
0.6790,8.601358,17.728688
0.6800,8.606383,17.769922
0.6810,8.611393,17.811177
0.6820,8.616389,17.852453
0.6830,8.621371,17.893750
0.6840,8.626339,17.935067
0.6850,8.631293,17.976406
0.6860,8.636233,18.017764
0.6870,8.641158,18.059144
0.6880,8.646070,18.100544
0.6890,8.650968,18.141964
0.6900,8.655852,18.183405
0.6910,8.660722,18.224865
0.6920,8.665578,18.266347
0.6930,8.670420,18.307848
0.6940,8.675248,18.349369
0.6950,8.680063,18.390910
0.6960,8.684864,18.432472
0.6970,8.689651,18.474053
0.6980,8.694424,18.515654
0.6990,8.699184,18.557274
0.7000,8.703930,18.598914
0.7010,8.708662,18.640574
0.7020,8.713380,18.682253
0.7030,8.718085,18.723952
0.7040,8.722777,18.765670
0.7050,8.727455,18.807407
0.7060,8.732119,18.849164
0.7070,8.736770,18.890940
0.7080,8.741407,18.932734
0.7090,8.746031,18.974548
0.7100,8.750642,19.016381
0.7110,8.755239,19.058232
0.7120,8.759822,19.100103
0.7130,8.764393,19.141992
0.7140,8.768950,19.183900
0.7150,8.773494,19.225826
0.7160,8.778024,19.267771
0.7170,8.782541,19.309734
0.7180,8.787045,19.351716
0.7190,8.791536,19.393716
0.7200,8.796013,19.435734
0.7210,8.800478,19.477771
0.7220,8.804929,19.519825
0.7230,8.809367,19.561898
0.7240,8.813792,19.603989
0.7250,8.818204,19.646097
0.7260,8.822603,19.688224
0.7270,8.826989,19.730368
0.7280,8.831362,19.772530
0.7290,8.835722,19.814709
0.7300,8.840069,19.856906
0.7310,8.844404,19.899121
0.7320,8.848725,19.941353
0.7330,8.853033,19.983603
0.7340,8.857329,20.025870
0.7350,8.861612,20.068154
0.7360,8.865881,20.110455
0.7370,8.870139,20.152773
0.7380,8.874383,20.195109
0.7390,8.878615,20.237461
0.7400,8.882834,20.279830
0.7410,8.887040,20.322217
0.7420,8.891234,20.364620
0.7430,8.895415,20.407039
0.7440,8.899583,20.449476
0.7450,8.903739,20.491929
0.7460,8.907883,20.534398
0.7470,8.912013,20.576884
0.7480,8.916132,20.619386
0.7490,8.920238,20.661905
0.7500,8.924331,20.704440
0.7510,8.928412,20.746991
0.7520,8.932480,20.789559
0.7530,8.936536,20.832142
0.7540,8.940580,20.874742
0.7550,8.944611,20.917357
0.7560,8.948630,20.959988
0.7570,8.952637,21.002636
0.7580,8.956632,21.045298
0.7590,8.960614,21.087977
0.7600,8.964584,21.130671
0.7610,8.968542,21.173381
0.7620,8.972487,21.216107
0.7630,8.976421,21.258847
0.7640,8.980342,21.301604
0.7650,8.984251,21.344375
0.7660,8.988148,21.387162
0.7670,8.992033,21.429964
0.7680,8.995906,21.472781
0.7690,8.999767,21.515613
0.7700,9.003616,21.558461
0.7710,9.007453,21.601323
0.7720,9.011278,21.644200
0.7730,9.015091,21.687092
0.7740,9.018892,21.729999
0.7750,9.022681,21.772920
0.7760,9.026458,21.815856
0.7770,9.030224,21.858807
0.7780,9.033978,21.901772
0.7790,9.037719,21.944752
0.7800,9.041450,21.987746
0.7810,9.045168,22.030755
0.7820,9.048874,22.073777
0.7830,9.052569,22.116814
0.7840,9.056253,22.159866
0.7850,9.059924,22.202931
0.7860,9.063584,22.246010
0.7870,9.067232,22.289103
0.7880,9.070869,22.332211
0.7890,9.074494,22.375332
0.7900,9.078107,22.418467
0.7910,9.081709,22.461615
0.7920,9.085300,22.504778
0.7930,9.088879,22.547954
0.7940,9.092446,22.591143
0.7950,9.096002,22.634347
0.7960,9.099547,22.677563
0.7970,9.103080,22.720793
0.7980,9.106601,22.764036
0.7990,9.110112,22.807293
0.8000,9.113611,22.850563
0.8010,9.117099,22.893846
0.8020,9.120575,22.937142
0.8030,9.124040,22.980451
0.8040,9.127494,23.023773
0.8050,9.130937,23.067108
0.8060,9.134368,23.110456
0.8070,9.137788,23.153817
0.8080,9.141197,23.197191
0.8090,9.144595,23.240577
0.8100,9.147982,23.283976
0.8110,9.151358,23.327387
0.8120,9.154722,23.370811
0.8130,9.158076,23.414248
0.8140,9.161418,23.457697
0.8150,9.164749,23.501158
0.8160,9.168070,23.544632
0.8170,9.171379,23.588118
0.8180,9.174678,23.631616
0.8190,9.177965,23.675126
0.8200,9.181242,23.718648
0.8210,9.184507,23.762183
0.8220,9.187762,23.805729
0.8230,9.191006,23.849287
0.8240,9.194239,23.892857
0.8250,9.197461,23.936439
0.8260,9.200673,23.980033
0.8270,9.203873,24.023638
0.8280,9.207063,24.067255
0.8290,9.210242,24.110884
0.8300,9.213411,24.154524
0.8310,9.216569,24.198176
0.8320,9.219716,24.241839
0.8330,9.222852,24.285513
0.8340,9.225978,24.329199
0.8350,9.229093,24.372896
0.8360,9.232197,24.416604
0.8370,9.235291,24.460323
0.8380,9.238375,24.504054
0.8390,9.241448,24.547795
0.8400,9.244510,24.591548
0.8410,9.247562,24.635311
0.8420,9.250603,24.679085
0.8430,9.253634,24.722870
0.8440,9.256654,24.766666
0.8450,9.259664,24.810473
0.8460,9.262664,24.854290
0.8470,9.265653,24.898118
0.8480,9.268632,24.941956
0.8490,9.271601,24.985805
0.8500,9.274559,25.029665
0.8510,9.277507,25.073535
0.8520,9.280445,25.117415
0.8530,9.283372,25.161305
0.8540,9.286289,25.205206
0.8550,9.289196,25.249117
0.8560,9.292093,25.293038
0.8570,9.294979,25.336969
0.8580,9.297855,25.380910
0.8590,9.300722,25.424862
0.8600,9.303578,25.468823
0.8610,9.306424,25.512794
0.8620,9.309260,25.556775
0.8630,9.312085,25.600765
0.8640,9.314901,25.644766
0.8650,9.317707,25.688776
0.8660,9.320503,25.732795
0.8670,9.323288,25.776824
0.8680,9.326064,25.820863
0.8690,9.328830,25.864911
0.8700,9.331586,25.908969
0.8710,9.334332,25.953036
0.8720,9.337068,25.997113
0.8730,9.339794,26.041198
0.8740,9.342510,26.085293
0.8750,9.345217,26.129397
0.8760,9.347913,26.173510
0.8770,9.350600,26.217632
0.8780,9.353277,26.261764
0.8790,9.355944,26.305904
0.8800,9.358602,26.350053
0.8810,9.361250,26.394211
0.8820,9.363888,26.438378
0.8830,9.366516,26.482553
0.8840,9.369135,26.526738
0.8850,9.371744,26.570931
0.8860,9.374343,26.615132
0.8870,9.376933,26.659343
0.8880,9.379513,26.703561
0.8890,9.382084,26.747788
0.8900,9.384645,26.792024
0.8910,9.387196,26.836268
0.8920,9.389738,26.880520
0.8930,9.392271,26.924781
0.8940,9.394794,26.969050
0.8950,9.397307,27.013327
0.8960,9.399811,27.057612
0.8970,9.402306,27.101906
0.8980,9.404791,27.146207
0.8990,9.407267,27.190516
0.9000,9.409733,27.234834
0.9010,9.412190,27.279159
0.9020,9.414638,27.323492
0.9030,9.417077,27.367833
0.9040,9.419506,27.412181
0.9050,9.421925,27.456538
0.9060,9.424336,27.500901
0.9070,9.426737,27.545273
0.9080,9.429129,27.589652
0.9090,9.431512,27.634039
0.9100,9.433885,27.678433
0.9110,9.436250,27.722835
0.9120,9.438605,27.767244
0.9130,9.440951,27.811660
0.9140,9.443288,27.856084
0.9150,9.445616,27.900514
0.9160,9.447935,27.944952
0.9170,9.450244,27.989398
0.9180,9.452545,28.033850
0.9190,9.454836,28.078309
0.9200,9.457119,28.122776
0.9210,9.459392,28.167249
0.9220,9.461657,28.211729
0.9230,9.463912,28.256216
0.9240,9.466159,28.300710
0.9250,9.468396,28.345211
0.9260,9.470625,28.389718
0.9270,9.472845,28.434232
0.9280,9.475056,28.478753
0.9290,9.477258,28.523281
0.9300,9.479451,28.567815
0.9310,9.481635,28.612355
0.9320,9.483811,28.656902
0.9330,9.485977,28.701455
0.9340,9.488135,28.746015
0.9350,9.490285,28.790581
0.9360,9.492425,28.835154
0.9370,9.494557,28.879732
0.9380,9.496679,28.924317
0.9390,9.498794,28.968908
0.9400,9.500899,29.013505
0.9410,9.502996,29.058108
0.9420,9.505084,29.102717
0.9430,9.507164,29.147333
0.9440,9.509235,29.191954
0.9450,9.511297,29.236581
0.9460,9.513351,29.281213
0.9470,9.515396,29.325852
0.9480,9.517433,29.370496
0.9490,9.519461,29.415147
0.9500,9.521480,29.459802
0.9510,9.523491,29.504464
0.9520,9.525494,29.549131
0.9530,9.527488,29.593803
0.9540,9.529474,29.638481
0.9550,9.531451,29.683165
0.9560,9.533420,29.727854
0.9570,9.535380,29.772548
0.9580,9.537332,29.817248
0.9590,9.539276,29.861953
0.9600,9.541211,29.906663
0.9610,9.543138,29.951378
0.9620,9.545056,29.996099
0.9630,9.546967,30.040825
0.9640,9.548869,30.085555
0.9650,9.550762,30.130291
0.9660,9.552648,30.175032
0.9670,9.554525,30.219778
0.9680,9.556394,30.264528
0.9690,9.558255,30.309284
0.9700,9.560107,30.354044
0.9710,9.561952,30.398809
0.9720,9.563788,30.443579
0.9730,9.565616,30.488354
0.9740,9.567436,30.533133
0.9750,9.569248,30.577917
0.9760,9.571051,30.622705
0.9770,9.572847,30.667498
0.9780,9.574635,30.712296
0.9790,9.576414,30.757098
0.9800,9.578186,30.801904
0.9810,9.579949,30.846715
0.9820,9.581704,30.891530
0.9830,9.583452,30.936349
0.9840,9.585191,30.981173
0.9850,9.586923,31.026001
0.9860,9.588646,31.070833
0.9870,9.590362,31.115669
0.9880,9.592070,31.160509
0.9890,9.593769,31.205353
0.9900,9.595461,31.250202
0.9910,9.597145,31.295054
0.9920,9.598822,31.339910
0.9930,9.600490,31.384770
0.9940,9.602151,31.429634
0.9950,9.603803,31.474502
0.9960,9.605448,31.519374
0.9970,9.607085,31.564249
0.9980,9.608715,31.609128
0.9990,9.610336,31.654011
1.0000,9.611950,31.698897
1.0010,9.613557,31.743787
1.0020,9.615155,31.788680
1.0030,9.616746,31.833577
1.0040,9.618329,31.878477
1.0050,9.619905,31.923381
1.0060,9.621472,31.968288
1.0070,9.623033,32.013199
1.0080,9.624585,32.058113
1.0090,9.626130,32.103030
1.0100,9.627668,32.147950
1.0110,9.629198,32.192874
1.0120,9.630720,32.237800
1.0130,9.632235,32.282730
1.0140,9.633742,32.327663
1.0150,9.635242,32.372599
1.0160,9.636734,32.417538
1.0170,9.638219,32.462480
1.0180,9.639696,32.507425
1.0190,9.641166,32.552373
1.0200,9.642628,32.597323
1.0210,9.644083,32.642277
1.0220,9.645531,32.687233
1.0230,9.646971,32.732192
1.0240,9.648404,32.777153
1.0250,9.649830,32.822118
1.0260,9.651248,32.867085
1.0270,9.652658,32.912054
1.0280,9.654062,32.957026
1.0290,9.655458,33.002001
1.0300,9.656847,33.046978
1.0310,9.658229,33.091957
1.0320,9.659603,33.136939
1.0330,9.660970,33.181924
1.0340,9.662330,33.226910
1.0350,9.663683,33.271899
1.0360,9.665028,33.316891
1.0370,9.666366,33.361884
1.0380,9.667697,33.406880
1.0390,9.669021,33.451877
1.0400,9.670338,33.496877
1.0410,9.671648,33.541879
1.0420,9.672950,33.586883
1.0430,9.674246,33.631889
1.0440,9.675534,33.676898
1.0450,9.676815,33.721907
1.0460,9.678089,33.766919
1.0470,9.679356,33.811933
1.0480,9.680617,33.856949
1.0490,9.681870,33.901966
1.0500,9.683116,33.946985
1.0510,9.684355,33.992006
1.0520,9.685587,34.037029
1.0530,9.686812,34.082053
1.0540,9.688030,34.127079
1.0550,9.689241,34.172106
1.0560,9.690446,34.217135
1.0570,9.691643,34.262166
1.0580,9.692834,34.307198
1.0590,9.694017,34.352231
1.0600,9.695194,34.397266
1.0610,9.696364,34.442302
1.0620,9.697527,34.487340
1.0630,9.698683,34.532379
1.0640,9.699832,34.577419
1.0650,9.700975,34.622460
1.0660,9.702111,34.667503
1.0670,9.703240,34.712547
1.0680,9.704362,34.757592
1.0690,9.705478,34.802638
1.0700,9.706586,34.847685
1.0710,9.707688,34.892733
1.0720,9.708784,34.937782
1.0730,9.709873,34.982832
1.0740,9.710954,35.027884
1.0750,9.712030,35.072935
1.0760,9.713098,35.117988
1.0770,9.714160,35.163042
1.0780,9.715216,35.208097
1.0790,9.716265,35.253152
1.0800,9.717307,35.298208
1.0810,9.718342,35.343265
1.0820,9.719371,35.388322
1.0830,9.720394,35.433380
1.0840,9.721410,35.478439
1.0850,9.722419,35.523498
1.0860,9.723422,35.568558
1.0870,9.724418,35.613618
1.0880,9.725408,35.658678
1.0890,9.726391,35.703740
1.0900,9.727368,35.748801
1.0910,9.728338,35.793863
1.0920,9.729302,35.838926
1.0930,9.730260,35.883988
1.0940,9.731211,35.929051
1.0950,9.732156,35.974114
1.0960,9.733094,36.019178
1.0970,9.734026,36.064241
1.0980,9.734951,36.109305
1.0990,9.735870,36.154369
1.1000,9.736783,36.199433
1.1010,9.737690,36.244497
1.1020,9.738590,36.289561
1.1030,9.739484,36.334625
1.1040,9.740371,36.379688
1.1050,9.741253,36.424752
1.1060,9.742128,36.469816
1.1070,9.742996,36.514880
1.1080,9.743859,36.559943
1.1090,9.744715,36.605007
1.1100,9.745565,36.650070
1.1110,9.746409,36.695132
1.1120,9.747247,36.740195
1.1130,9.748078,36.785257
1.1140,9.748904,36.830319
1.1150,9.749723,36.875381
1.1160,9.750536,36.920442
1.1170,9.751343,36.965502
1.1180,9.752143,37.010562
1.1190,9.752938,37.055622
1.1200,9.753727,37.100681
1.1210,9.754509,37.145740
1.1220,9.755286,37.190798
1.1230,9.756056,37.235855
1.1240,9.756820,37.280912
1.1250,9.757578,37.325968
1.1260,9.758331,37.371023
1.1270,9.759077,37.416078
1.1280,9.759817,37.461131
1.1290,9.760551,37.506184
1.1300,9.761280,37.551237
1.1310,9.762002,37.596288
1.1320,9.762718,37.641338
1.1330,9.763429,37.686388
1.1340,9.764133,37.731436
1.1350,9.764832,37.776484
1.1360,9.765525,37.821530
1.1370,9.766211,37.866576
1.1380,9.766892,37.911620
1.1390,9.767567,37.956663
1.1400,9.768237,38.001706
1.1410,9.768900,38.046747
1.1420,9.769557,38.091786
1.1430,9.770209,38.136825
1.1440,9.770855,38.181862
1.1450,9.771495,38.226898
1.1460,9.772130,38.271933
1.1470,9.772758,38.316967
1.1480,9.773381,38.361999
1.1490,9.773998,38.407030
1.1500,9.774609,38.452059
1.1510,9.775215,38.497087
1.1520,9.775815,38.542113
1.1530,9.776409,38.587138
1.1540,9.776997,38.632161
1.1550,9.777580,38.677183
1.1560,9.778157,38.722203
1.1570,9.778729,38.767222
1.1580,9.779294,38.812239
1.1590,9.779855,38.857254
1.1600,9.780409,38.902267
1.1610,9.780958,38.947279
1.1620,9.781502,38.992289
1.1630,9.782039,39.037298
1.1640,9.782571,39.082304
1.1650,9.783098,39.127309
1.1660,9.783619,39.172311
1.1670,9.784135,39.217312
1.1680,9.784645,39.262311
1.1690,9.785149,39.307308
1.1700,9.785648,39.352303
1.1710,9.786142,39.397296
1.1720,9.786630,39.442287
1.1730,9.787112,39.487276
1.1740,9.787589,39.532263
1.1750,9.788061,39.577248
1.1760,9.788527,39.622230
1.1770,9.788988,39.667211
1.1780,9.789443,39.712189
1.1790,9.789893,39.757165
1.1800,9.790337,39.802139
1.1810,9.790776,39.847110
1.1820,9.791210,39.892079
1.1830,9.791639,39.937046
1.1840,9.792062,39.982011
1.1850,9.792479,40.026973
1.1860,9.792892,40.071932
1.1870,9.793299,40.116890
1.1880,9.793700,40.161845
1.1890,9.794097,40.206797
1.1900,9.794488,40.251747
1.1910,9.794874,40.296694
1.1920,9.795254,40.341639
1.1930,9.795630,40.386581
1.1940,9.796000,40.431520
1.1950,9.796365,40.476457
1.1960,9.796724,40.521391
1.1970,9.797079,40.566323
1.1980,9.797428,40.611251
1.1990,9.797772,40.656177
1.2000,9.798111,40.701101
1.2010,9.798444,40.746021
1.2020,9.798773,40.790939
1.2030,9.799096,40.835854
1.2040,9.799414,40.880765
1.2050,9.799728,40.925674
1.2060,9.800036,40.970581
1.2070,9.800338,41.015484
1.2080,9.800636,41.060384
1.2090,9.800929,41.105281
1.2100,9.801216,41.150175
1.2110,9.801499,41.195066
1.2120,9.801776,41.239954
1.2130,9.802049,41.284839
1.2140,9.802316,41.329721
1.2150,9.802579,41.374599
1.2160,9.802836,41.419475
1.2170,9.803089,41.464347
1.2180,9.803336,41.509216
1.2190,9.803578,41.554082
1.2200,9.803816,41.598944
1.2210,9.804048,41.643803
1.2220,9.804276,41.688659
1.2230,9.804498,41.733512
1.2240,9.804716,41.778361
1.2250,9.804929,41.823207
1.2260,9.805137,41.868049
1.2270,9.805339,41.912888
1.2280,9.805537,41.957723
1.2290,9.805731,42.002555
1.2300,9.805919,42.047384
1.2310,9.806102,42.092208
1.2320,9.806281,42.137030
1.2330,9.806455,42.181847
1.2340,9.806624,42.226662
1.2350,9.806788,42.271472
1.2360,9.806947,42.316279
1.2370,9.807101,42.361082
1.2380,9.807251,42.405881
1.2390,9.807396,42.450677
1.2400,9.807536,42.495469
1.2410,9.807672,42.540257
1.2420,9.807802,42.585041
1.2430,9.807928,42.629822
1.2440,9.808049,42.674599
1.2450,9.808166,42.719371
1.2460,9.808277,42.764140
1.2470,9.808384,42.808905
1.2480,9.808487,42.853666
1.2490,9.808584,42.898423
1.2500,9.808677,42.943176
1.2510,9.808766,42.987925
1.2520,9.808849,43.032670
1.2530,9.808928,43.077411
1.2540,9.809003,43.122148
1.2550,9.809073,43.166881
1.2560,9.809138,43.211610
1.2570,9.809198,43.256334
1.2580,9.809254,43.301055
1.2590,9.809306,43.345771
1.2600,9.809353,43.390483
1.2610,9.809395,43.435191
1.2620,9.809432,43.479894
1.2630,9.809466,43.524593
1.2640,9.809494,43.569288
1.2650,9.809518,43.613979
1.2660,9.809538,43.658665
1.2670,9.809553,43.703347
1.2680,9.809563,43.748024
1.2690,9.809570,43.792697
1.2700,9.809571,43.837366
1.2710,9.809568,43.882030
1.2720,9.809561,43.926689
1.2730,9.809549,43.971345
1.2740,9.809533,44.015995
1.2750,9.809512,44.060641
1.2760,9.809487,44.105283
1.2770,9.809458,44.149920
1.2780,9.809424,44.194552
1.2790,9.809385,44.239180
1.2800,9.809343,44.283803
1.2810,9.809296,44.328421
1.2820,9.809244,44.373035
1.2830,9.809188,44.417643
1.2840,9.809128,44.462248
1.2850,9.809064,44.506847
1.2860,9.808995,44.551442
1.2870,9.808922,44.596031
1.2880,9.808844,44.640617
1.2890,9.808763,44.685197
1.2900,9.808677,44.729772
1.2910,9.808586,44.774342
1.2920,9.808492,44.818908
1.2930,9.808393,44.863468
1.2940,9.808290,44.908024
1.2950,9.808182,44.952575
1.2960,9.808071,44.997120
1.2970,9.807955,45.041661
1.2980,9.807835,45.086197
1.2990,9.807710,45.130727
1.3000,9.807582,45.175253
1.3010,9.807449,45.219773
1.3020,9.807312,45.264288
1.3030,9.807171,45.308798
1.3040,9.807026,45.353303
1.3050,9.806877,45.397803
1.3060,9.806723,45.442298
1.3070,9.806566,45.486787
1.3080,9.806404,45.531271
1.3090,9.806238,45.575750
1.3100,9.806068,45.620224
1.3110,9.805894,45.664692
1.3120,9.805715,45.709155
1.3130,9.805533,45.753613
1.3140,9.805347,45.798065
1.3150,9.805156,45.842512
1.3160,9.804962,45.886954
1.3170,9.804763,45.931390
1.3180,9.804560,45.975820
1.3190,9.804354,46.020246
1.3200,9.804143,46.064665
1.3210,9.803928,46.109080
1.3220,9.803709,46.153488
1.3230,9.803487,46.197892
1.3240,9.803260,46.242289
1.3250,9.803029,46.286681
1.3260,9.802794,46.331068
1.3270,9.802556,46.375449
1.3280,9.802313,46.419824
1.3290,9.802066,46.464193
1.3300,9.801816,46.508557
1.3310,9.801561,46.552916
1.3320,9.801303,46.597268
1.3330,9.801041,46.641615
1.3340,9.800774,46.685956
1.3350,9.800504,46.730291
1.3360,9.800230,46.774621
1.3370,9.799952,46.818944
1.3380,9.799670,46.863262
1.3390,9.799385,46.907574
1.3400,9.799095,46.951880
1.3410,9.798802,46.996181
1.3420,9.798505,47.040475
1.3430,9.798204,47.084764
1.3440,9.797899,47.129046
1.3450,9.797590,47.173323
1.3460,9.797277,47.217593
1.3470,9.796961,47.261858
1.3480,9.796641,47.306117
1.3490,9.796317,47.350369
1.3500,9.795989,47.394616
1.3510,9.795658,47.438856
1.3520,9.795323,47.483091
1.3530,9.794984,47.527319
1.3540,9.794641,47.571541
1.3550,9.794295,47.615757
1.3560,9.793945,47.659967
1.3570,9.793591,47.704171
1.3580,9.793233,47.748368
1.3590,9.792872,47.792560
1.3600,9.792507,47.836745
1.3610,9.792138,47.880924
1.3620,9.791766,47.925096
1.3630,9.791390,47.969262
1.3640,9.791010,48.013422
1.3650,9.790627,48.057576
1.3660,9.790240,48.101724
1.3670,9.789849,48.145865
1.3680,9.789455,48.189999
1.3690,9.789057,48.234128
1.3700,9.788655,48.278249
1.3710,9.788250,48.322365
1.3720,9.787841,48.366474
1.3730,9.787429,48.410576
1.3740,9.787013,48.454673
1.3750,9.786594,48.498762
1.3760,9.786171,48.542845
1.3770,9.785744,48.586922
1.3780,9.785314,48.630992
1.3790,9.784880,48.675055
1.3800,9.784443,48.719112
1.3810,9.784002,48.763162
1.3820,9.783558,48.807206
1.3830,9.783110,48.851243
1.3840,9.782658,48.895274
1.3850,9.782204,48.939297
1.3860,9.781745,48.983314
1.3870,9.781283,49.027325
1.3880,9.780818,49.071329
1.3890,9.780349,49.115326
1.3900,9.779877,49.159316
1.3910,9.779401,49.203299
1.3920,9.778922,49.247276
1.3930,9.778440,49.291246
1.3940,9.777954,49.335209
1.3950,9.777464,49.379165
1.3960,9.776971,49.423114
1.3970,9.776475,49.467057
1.3980,9.775976,49.510993
1.3990,9.775473,49.554921
1.4000,9.774966,49.598843
1.4010,9.774456,49.642758
1.4020,9.773943,49.686666
1.4030,9.773427,49.730567
1.4040,9.772907,49.774461
1.4050,9.772383,49.818349
1.4060,9.771857,49.862229
1.4070,9.771327,49.906102
1.4080,9.770794,49.949968
1.4090,9.770257,49.993827
1.4100,9.769717,50.037679
1.4110,9.769174,50.081523
1.4120,9.768627,50.125361
1.4130,9.768078,50.169192
1.4140,9.767524,50.213015
1.4150,9.766968,50.256831
1.4160,9.766409,50.300641
1.4170,9.765846,50.344443
1.4180,9.765280,50.388237
1.4190,9.764710,50.432025
1.4200,9.764138,50.475805
1.4210,9.763562,50.519578
1.4220,9.762983,50.563344
1.4230,9.762400,50.607103
1.4240,9.761815,50.650854
1.4250,9.761226,50.694598
1.4260,9.760634,50.738335
1.4270,9.760039,50.782064
1.4280,9.759441,50.825786
1.4290,9.758839,50.869501
1.4300,9.758235,50.913208
1.4310,9.757627,50.956908
1.4320,9.757016,51.000600
1.4330,9.756402,51.044285
1.4340,9.755785,51.087963
1.4350,9.755164,51.131633
1.4360,9.754541,51.175296
1.4370,9.753914,51.218951
1.4380,9.753284,51.262599
1.4390,9.752652,51.306239
1.4400,9.752016,51.349871
1.4410,9.751377,51.393496
1.4420,9.750735,51.437114
1.4430,9.750089,51.480724
1.4440,9.749441,51.524326
1.4450,9.748790,51.567921
1.4460,9.748135,51.611508
1.4470,9.747478,51.655088
1.4480,9.746818,51.698660
1.4490,9.746154,51.742224
1.4500,9.745487,51.785780
1.4510,9.744818,51.829329
1.4520,9.744145,51.872870
1.4530,9.743470,51.916404
1.4540,9.742791,51.959930
1.4550,9.742110,52.003448
1.4560,9.741425,52.046958
1.4570,9.740738,52.090460
1.4580,9.740047,52.133955
1.4590,9.739354,52.177442
1.4600,9.738657,52.220921
1.4610,9.737958,52.264392
1.4620,9.737255,52.307855
1.4630,9.736550,52.351311
1.4640,9.735842,52.394758
1.4650,9.735131,52.438198
1.4660,9.734417,52.481630
1.4670,9.733700,52.525054
1.4680,9.732980,52.568470
1.4690,9.732257,52.611878
1.4700,9.731531,52.655278
1.4710,9.730803,52.698670
1.4720,9.730071,52.742054
1.4730,9.729337,52.785430
1.4740,9.728600,52.828799
1.4750,9.727859,52.872159
1.4760,9.727116,52.915511
1.4770,9.726371,52.958855
1.4780,9.725622,53.002191
1.4790,9.724871,53.045519
1.4800,9.724116,53.088838
1.4810,9.723359,53.132150
1.4820,9.722599,53.175454
1.4830,9.721837,53.218749
1.4840,9.721071,53.262036
1.4850,9.720303,53.305316
1.4860,9.719531,53.348587
1.4870,9.718758,53.391849
1.4880,9.717981,53.435104
1.4890,9.717201,53.478350
1.4900,9.716419,53.521589
1.4910,9.715634,53.564818
1.4920,9.714846,53.608040
1.4930,9.714056,53.651254
1.4940,9.713263,53.694459
1.4950,9.712467,53.737656
1.4960,9.711668,53.780844
1.4970,9.710867,53.824024
1.4980,9.710062,53.867196
1.4990,9.709256,53.910360
1.5000,9.708446,53.953515
1.5010,9.707634,53.996662
1.5020,9.706819,54.039801
1.5030,9.706001,54.082931
1.5040,9.705181,54.126052
1.5050,9.704358,54.169166
1.5060,9.703532,54.212271
1.5070,9.702704,54.255367
1.5080,9.701873,54.298455
1.5090,9.701040,54.341535
1.5100,9.700203,54.384606
1.5110,9.699364,54.427668
1.5120,9.698523,54.470722
1.5130,9.697679,54.513768
1.5140,9.696832,54.556805
1.5150,9.695983,54.599833
1.5160,9.695131,54.642853
1.5170,9.694276,54.685865
1.5180,9.693419,54.728867
1.5190,9.692559,54.771862
1.5200,9.691697,54.814847
1.5210,9.690832,54.857824
1.5220,9.689965,54.900793
1.5230,9.689095,54.943752
1.5240,9.688222,54.986703
1.5250,9.687347,55.029646
1.5260,9.686469,55.072580
1.5270,9.685589,55.115505
1.5280,9.684706,55.158421
1.5290,9.683821,55.201329
1.5300,9.682933,55.244228
1.5310,9.682043,55.287118
1.5320,9.681150,55.329999
1.5330,9.680255,55.372872
1.5340,9.679357,55.415736
1.5350,9.678457,55.458591
1.5360,9.677554,55.501438
1.5370,9.676649,55.544275
1.5380,9.675741,55.587104
1.5390,9.674831,55.629924
1.5400,9.673918,55.672735
1.5410,9.673003,55.715538
1.5420,9.672086,55.758331
1.5430,9.671166,55.801116
1.5440,9.670243,55.843892
1.5450,9.669318,55.886658
1.5460,9.668391,55.929416
1.5470,9.667461,55.972165
1.5480,9.666529,56.014905
1.5490,9.665595,56.057637
1.5500,9.664658,56.100359
1.5510,9.663718,56.143072
1.5520,9.662777,56.185776
1.5530,9.661833,56.228472
1.5540,9.660886,56.271158
1.5550,9.659937,56.313835
1.5560,9.658986,56.356504
1.5570,9.658032,56.399163
1.5580,9.657076,56.441813
1.5590,9.656118,56.484454
1.5600,9.655157,56.527086
1.5610,9.654194,56.569709
1.5620,9.653229,56.612323
1.5630,9.652261,56.654928
1.5640,9.651291,56.697524
1.5650,9.650319,56.740111
1.5660,9.649344,56.782688
1.5670,9.648367,56.825257
1.5680,9.647388,56.867816
1.5690,9.646406,56.910366
1.5700,9.645423,56.952907
1.5710,9.644436,56.995439
1.5720,9.643448,57.037962
1.5730,9.642457,57.080475
1.5740,9.641464,57.122980
1.5750,9.640469,57.165475
1.5760,9.639472,57.207960
1.5770,9.638472,57.250437
1.5780,9.637470,57.292904
1.5790,9.636466,57.335362
1.5800,9.635459,57.377811
1.5810,9.634450,57.420251
1.5820,9.633440,57.462681
1.5830,9.632426,57.505102
1.5840,9.631411,57.547513
1.5850,9.630393,57.589916
1.5860,9.629374,57.632309
1.5870,9.628352,57.674692
1.5880,9.627328,57.717067
1.5890,9.626301,57.759432
1.5900,9.625273,57.801787
1.5910,9.624242,57.844133
1.5920,9.623209,57.886470
1.5930,9.622174,57.928797
1.5940,9.621137,57.971115
1.5950,9.620097,58.013424
1.5960,9.619056,58.055723
1.5970,9.618012,58.098013
1.5980,9.616966,58.140293
1.5990,9.615918,58.182564
1.6000,9.614868,58.224825
1.6010,9.613816,58.267077
1.6020,9.612762,58.309320
1.6030,9.611705,58.351552
1.6040,9.610647,58.393776
1.6050,9.609586,58.435990
1.6060,9.608523,58.478194
1.6070,9.607458,58.520389
1.6080,9.606391,58.562574
1.6090,9.605322,58.604750
1.6100,9.604251,58.646916
1.6110,9.603178,58.689072
1.6120,9.602103,58.731219
1.6130,9.601025,58.773357
1.6140,9.599946,58.815485
1.6150,9.598865,58.857603
1.6160,9.597781,58.899711
1.6170,9.596696,58.941810
1.6180,9.595608,58.983900
1.6190,9.594518,59.025979
1.6200,9.593427,59.068049
1.6210,9.592333,59.110110
1.6220,9.591237,59.152160
1.6230,9.590140,59.194201
1.6240,9.589040,59.236232
1.6250,9.587938,59.278254
1.6260,9.586835,59.320266
1.6270,9.585729,59.362268
1.6280,9.584621,59.404260
1.6290,9.583512,59.446243
1.6300,9.582400,59.488216
1.6310,9.581286,59.530179
1.6320,9.580171,59.572133
1.6330,9.579053,59.614076
1.6340,9.577934,59.656010
1.6350,9.576812,59.697934
1.6360,9.575689,59.739848
1.6370,9.574563,59.781753
1.6380,9.573436,59.823648
1.6390,9.572307,59.865532
1.6400,9.571176,59.907407
1.6410,9.570043,59.949273
1.6420,9.568908,59.991128
1.6430,9.567771,60.032973
1.6440,9.566632,60.074809
1.6450,9.565491,60.116634
1.6460,9.564348,60.158450
1.6470,9.563204,60.200256
1.6480,9.562057,60.242052
1.6490,9.560909,60.283838
1.6500,9.559759,60.325614
1.6510,9.558607,60.367381
1.6520,9.557453,60.409137
1.6530,9.556297,60.450883
1.6540,9.555139,60.492620
1.6550,9.553980,60.534346
1.6560,9.552818,60.576063
1.6570,9.551655,60.617769
1.6580,9.550490,60.659466
1.6590,9.549323,60.701152
1.6600,9.548154,60.742829
1.6610,9.546984,60.784495
1.6620,9.545811,60.826152
1.6630,9.544637,60.867798
1.6640,9.543461,60.909434
1.6650,9.542283,60.951061
1.6660,9.541104,60.992677
1.6670,9.539922,61.034283
1.6680,9.538739,61.075879
1.6690,9.537554,61.117466
1.6700,9.536367,61.159042
1.6710,9.535178,61.200608
1.6720,9.533988,61.242163
1.6730,9.532796,61.283709
1.6740,9.531602,61.325245
1.6750,9.530406,61.366770
1.6760,9.529209,61.408286
1.6770,9.528009,61.449791
1.6780,9.526808,61.491286
1.6790,9.525606,61.532771
1.6800,9.524401,61.574245
1.6810,9.523195,61.615710
1.6820,9.521987,61.657164
1.6830,9.520777,61.698609
1.6840,9.519566,61.740043
1.6850,9.518353,61.781467
1.6860,9.517138,61.822880
1.6870,9.515921,61.864284
1.6880,9.514703,61.905677
1.6890,9.513483,61.947060
1.6900,9.512261,61.988432
1.6910,9.511038,62.029795
1.6920,9.509813,62.071147
1.6930,9.508586,62.112489
1.6940,9.507358,62.153821
1.6950,9.506128,62.195142
1.6960,9.504896,62.236453
1.6970,9.503662,62.277754
1.6980,9.502427,62.319045
1.6990,9.501191,62.360325
1.7000,9.499952,62.401595
1.7010,9.498712,62.442854
1.7020,9.497470,62.484104
1.7030,9.496227,62.525343
1.7040,9.494982,62.566571
1.7050,9.493735,62.607789
1.7060,9.492487,62.648997
1.7070,9.491237,62.690195
1.7080,9.489986,62.731382
1.7090,9.488733,62.772559
1.7100,9.487478,62.813725
1.7110,9.486222,62.854881
1.7120,9.484964,62.896027
1.7130,9.483704,62.937162
1.7140,9.482443,62.978287
1.7150,9.481180,63.019401
1.7160,9.479916,63.060505
1.7170,9.478650,63.101599
1.7180,9.477383,63.142682
1.7190,9.476114,63.183754
1.7200,9.474843,63.224817
1.7210,9.473571,63.265868
1.7220,9.472297,63.306910
1.7230,9.471022,63.347940
1.7240,9.469745,63.388961
1.7250,9.468467,63.429971
1.7260,9.467187,63.470970
1.7270,9.465905,63.511959
1.7280,9.464622,63.552937
1.7290,9.463338,63.593905
1.7300,9.462052,63.634862
1.7310,9.460764,63.675809
1.7320,9.459475,63.716745
1.7330,9.458184,63.757671
1.7340,9.456892,63.798586
1.7350,9.455599,63.839491
1.7360,9.454303,63.880385
1.7370,9.453007,63.921268
1.7380,9.451709,63.962141
1.7390,9.450409,64.003003
1.7400,9.449108,64.043855
1.7410,9.447805,64.084696
1.7420,9.446501,64.125527
1.7430,9.445196,64.166347
1.7440,9.443889,64.207156
1.7450,9.442580,64.247955
1.7460,9.441270,64.288743
1.7470,9.439959,64.329521
1.7480,9.438646,64.370287
1.7490,9.437332,64.411044
1.7500,9.436016,64.451789
1.7510,9.434699,64.492524
1.7520,9.433380,64.533248
1.7530,9.432060,64.573962
1.7540,9.430738,64.614665
1.7550,9.429415,64.655357
1.7560,9.428091,64.696038
1.7570,9.426765,64.736709
1.7580,9.425438,64.777369
1.7590,9.424109,64.818019
1.7600,9.422779,64.858658
1.7610,9.421448,64.899286
1.7620,9.420115,64.939903
1.7630,9.418781,64.980510
1.7640,9.417445,65.021105
1.7650,9.416108,65.061691
1.7660,9.414770,65.102265
1.7670,9.413430,65.142829
1.7680,9.412089,65.183381
1.7690,9.410746,65.223924
1.7700,9.409403,65.264455
1.7710,9.408057,65.304975
1.7720,9.406711,65.345485
1.7730,9.405363,65.385984
1.7740,9.404013,65.426472
1.7750,9.402663,65.466950
1.7760,9.401311,65.507417
1.7770,9.399957,65.547872
1.7780,9.398603,65.588317
1.7790,9.397247,65.628752
1.7800,9.395889,65.669175
1.7810,9.394531,65.709587
1.7820,9.393171,65.749989
1.7830,9.391809,65.790380
1.7840,9.390447,65.830760
1.7850,9.389083,65.871129
1.7860,9.387717,65.911487
1.7870,9.386351,65.951835
1.7880,9.384983,65.992171
1.7890,9.383614,66.032497
1.7900,9.382243,66.072812
1.7910,9.380871,66.113116
1.7920,9.379498,66.153409
1.7930,9.378124,66.193691
1.7940,9.376748,66.233962
1.7950,9.375372,66.274223
1.7960,9.373993,66.314472
1.7970,9.372614,66.354711
1.7980,9.371233,66.394938
1.7990,9.369851,66.435155
1.8000,9.368468,66.475361
1.8010,9.367084,66.515555
1.8020,9.365698,66.555739
1.8030,9.364311,66.595912
1.8040,9.362923,66.636074
1.8050,9.361533,66.676225
1.8060,9.360143,66.716365
1.8070,9.358751,66.756494
1.8080,9.357357,66.796612
1.8090,9.355963,66.836720
1.8100,9.354567,66.876816
1.8110,9.353171,66.916901
1.8120,9.351773,66.956975
1.8130,9.350373,66.997038
1.8140,9.348973,67.037090
1.8150,9.347571,67.077131
1.8160,9.346168,67.117162
1.8170,9.344764,67.157181
1.8180,9.343359,67.197189
1.8190,9.341953,67.237186
1.8200,9.340545,67.277172
1.8210,9.339136,67.317147
1.8220,9.337726,67.357111
1.8230,9.336315,67.397064
1.8240,9.334903,67.437006
1.8250,9.333489,67.476937
1.8260,9.332075,67.516856
1.8270,9.330659,67.556765
1.8280,9.329242,67.596663
1.8290,9.327824,67.636549
1.8300,9.326404,67.676425
1.8310,9.324984,67.716289
1.8320,9.323562,67.756142
1.8330,9.322140,67.795984
1.8340,9.320716,67.835816
1.8350,9.319291,67.875636
1.8360,9.317864,67.915444
1.8370,9.316437,67.955242
1.8380,9.315009,67.995029
1.8390,9.313579,68.034804
1.8400,9.312149,68.074569
1.8410,9.310717,68.114322
1.8420,9.309284,68.154064
1.8430,9.307850,68.193795
1.8440,9.306415,68.233515
1.8450,9.304979,68.273224
1.8460,9.303542,68.312921
1.8470,9.302103,68.352608
1.8480,9.300664,68.392283
1.8490,9.299223,68.431947
1.8500,9.297781,68.471600
1.8510,9.296339,68.511242
1.8520,9.294895,68.550872
1.8530,9.293450,68.590492
1.8540,9.292004,68.630100
1.8550,9.290557,68.669697
1.8560,9.289109,68.709283
1.8570,9.287660,68.748858
1.8580,9.286210,68.788421
1.8590,9.284758,68.827973
1.8600,9.283306,68.867514
1.8610,9.281853,68.907044
1.8620,9.280398,68.946562
1.8630,9.278943,68.986070
1.8640,9.277486,69.025566
1.8650,9.276029,69.065051
1.8660,9.274570,69.104524
1.8670,9.273111,69.143987
1.8680,9.271650,69.183438
1.8690,9.270188,69.222878
1.8700,9.268726,69.262307
1.8710,9.267262,69.301724
1.8720,9.265797,69.341130
1.8730,9.264332,69.380525
1.8740,9.262865,69.419909
1.8750,9.261397,69.459281
1.8760,9.259929,69.498642
1.8770,9.258459,69.537992
1.8780,9.256988,69.577330
1.8790,9.255516,69.616657
1.8800,9.254044,69.655973
1.8810,9.252570,69.695278
1.8820,9.251095,69.734571
1.8830,9.249620,69.773853
1.8840,9.248143,69.813124
1.8850,9.246665,69.852383
1.8860,9.245187,69.891632
1.8870,9.243707,69.930868
1.8880,9.242227,69.970094
1.8890,9.240745,70.009308
1.8900,9.239263,70.048511
1.8910,9.237780,70.087702
1.8920,9.236295,70.126882
1.8930,9.234810,70.166051
1.8940,9.233324,70.205208
1.8950,9.231837,70.244355
1.8960,9.230348,70.283489
1.8970,9.228859,70.322613
1.8980,9.227369,70.361725
1.8990,9.225879,70.400825
1.9000,9.224387,70.439915
1.9010,9.222894,70.478993
1.9020,9.221400,70.518059
1.9030,9.219906,70.557114
1.9040,9.218410,70.596158
1.9050,9.216914,70.635191
1.9060,9.215416,70.674212
1.9070,9.213918,70.713221
1.9080,9.212419,70.752220
1.9090,9.210919,70.791207
1.9100,9.209418,70.830182
1.9110,9.207916,70.869146
1.9120,9.206413,70.908099
1.9130,9.204910,70.947040
1.9140,9.203405,70.985970
1.9150,9.201900,71.024888
1.9160,9.200393,71.063795
1.9170,9.198886,71.102691
1.9180,9.197378,71.141575
1.9190,9.195869,71.180448
1.9200,9.194360,71.219309
1.9210,9.192849,71.258159
1.9220,9.191337,71.296997
1.9230,9.189825,71.335824
1.9240,9.188312,71.374640
1.9250,9.186798,71.413444
1.9260,9.185283,71.452237
1.9270,9.183767,71.491018
1.9280,9.182250,71.529788
1.9290,9.180733,71.568546
1.9300,9.179215,71.607293
1.9310,9.177695,71.646028
1.9320,9.176175,71.684752
1.9330,9.174655,71.723464
1.9340,9.173133,71.762165
1.9350,9.171610,71.800855
1.9360,9.170087,71.839533
1.9370,9.168563,71.878199
1.9380,9.167038,71.916854
1.9390,9.165512,71.955498
1.9400,9.163986,71.994130
1.9410,9.162458,72.032750
1.9420,9.160930,72.071359
1.9430,9.159401,72.109957
1.9440,9.157871,72.148543
1.9450,9.156341,72.187117
1.9460,9.154809,72.225680
1.9470,9.153277,72.264232
1.9480,9.151744,72.302772
1.9490,9.150210,72.341300
1.9500,9.148676,72.379817
1.9510,9.147141,72.418322
1.9520,9.145604,72.456816
1.9530,9.144068,72.495299
1.9540,9.142530,72.533769
1.9550,9.140991,72.572229
1.9560,9.139452,72.610676
1.9570,9.137912,72.649113
1.9580,9.136371,72.687537
1.9590,9.134830,72.725950
1.9600,9.133288,72.764352
1.9610,9.131745,72.802742
1.9620,9.130201,72.841120
1.9630,9.128656,72.879487
1.9640,9.127111,72.917843
1.9650,9.125565,72.956186
1.9660,9.124018,72.994519
1.9670,9.122471,73.032839
1.9680,9.120923,73.071148
1.9690,9.119374,73.109446
1.9700,9.117824,73.147732
1.9710,9.116274,73.186006
1.9720,9.114723,73.224269
1.9730,9.113171,73.262520
1.9740,9.111618,73.300760
1.9750,9.110065,73.338988
1.9760,9.108511,73.377204
1.9770,9.106956,73.415409
1.9780,9.105401,73.453602
1.9790,9.103844,73.491784
1.9800,9.102287,73.529954
1.9810,9.100730,73.568112
1.9820,9.099172,73.606259
1.9830,9.097613,73.644394
1.9840,9.096053,73.682518
1.9850,9.094493,73.720630
1.9860,9.092932,73.758730
1.9870,9.091370,73.796819
1.9880,9.089807,73.834896
1.9890,9.088244,73.872962
1.9900,9.086681,73.911016
1.9910,9.085116,73.949058
1.9920,9.083551,73.987089
1.9930,9.081985,74.025108
1.9940,9.080419,74.063115
1.9950,9.078852,74.101111
1.9960,9.077284,74.139095
1.9970,9.075715,74.177068
1.9980,9.074146,74.215028
1.9990,9.072576,74.252978
2.0000,9.071006,74.290915
